TOP1,SUB1,TOP2,SUB2,TOP3,SUB3,TOP4,SUB4,TOP5,SUB5,TOP6,SUB6,TOP7,SUB7,TOP8,SUB8,
SUB9,TOP9,SUB10,TOP10,SUB11,TOP11,SUB12,TOP12,SUB13,TOP13,SUB14,TOP14,SUB15,TOP15,SUB16,TOP16,
TOP17,SUB17,TOP18,SUB18,TOP19,SUB19,TOP20,SUB20,TOP21,SUB21,TOP22,SUB22,TOP23,SUB23,TOP24,SUB24,
SUB25,TOP25,SUB26,TOP26,SUB27,TOP27,SUB28,TOP28,SUB29,TOP29,SUB30,TOP30,SUB31,TOP31,SUB32,TOP32,
TOP33,SUB33,TOP34,SUB34,TOP35,SUB35,TOP36,SUB36,TOP37,SUB37,TOP38,SUB38,TOP39,SUB39,TOP40,SUB40,
SUB41,TOP41,SUB42,TOP42,SUB43,TOP43,SUB44,TOP44,SUB45,TOP45,SUB46,TOP46,SUB47,TOP47,SUB48,TOP48,
TOP49,SUB49,TOP50,SUB50,TOP51,SUB51,TOP52,SUB52,TOP53,SUB53,TOP54,SUB54,TOP55,SUB55,TOP56,SUB56,
SUB57,TOP57,SUB58,TOP58,SUB59,TOP59,SUB60,TOP60,SUB61,TOP61,SUB62,TOP62,SUB63,TOP63,SUB64,TOP64,
TOP65,SUB65,TOP66,SUB66,TOP67,SUB67,TOP68,SUB68,TOP69,SUB69,TOP70,SUB70,TOP71,SUB71,TOP72,SUB72,
SUB73,TOP73,SUB74,TOP74,SUB75,TOP75,SUB76,TOP76,SUB77,TOP77,SUB78,TOP78,SUB79,TOP79,SUB80,TOP80,
TOP81,SUB81,TOP82,SUB82,TOP83,SUB83,TOP84,SUB84,TOP85,SUB85,TOP86,SUB86,TOP87,SUB87,TOP88,SUB88,
SUB89,TOP89,SUB90,TOP90,SUB91,TOP91,SUB92,TOP92,SUB93,TOP93,SUB94,TOP94,SUB95,TOP95,SUB96,TOP96,
TOP97,SUB97,TOP98,SUB98,TOP99,SUB99,TOP100,SUB100,TOP101,SUB101,TOP102,SUB102,TOP103,SUB103,TOP104,SUB104,
SUB105,TOP105,SUB106,TOP106,SUB107,TOP107,SUB108,TOP108,SUB109,TOP109,SUB110,TOP110,SUB111,TOP111,SUB112,TOP112,
TOP113,SUB113,TOP114,SUB114,TOP115,SUB115,TOP116,SUB116,TOP117,SUB117,TOP118,SUB118,TOP119,SUB119,TOP120,SUB120,
SUB121,TOP121,SUB122,TOP122,SUB123,TOP123,SUB124,TOP124,SUB125,TOP125,SUB126,TOP126,SUB127,TOP127,SUB128,TOP128,
