SUB1,SUB2,SUB3,SUB4,SUB5,SUB6,SUB7,SUB8,
SUB9,SUB10,SUB11,SUB12,SUB13,SUB14,SUB15,SUB16,
SUB17,SUB18,SUB19,SUB20,SUB21,SUB22,SUB23,SUB24,
SUB25,SUB26,SUB27,SUB28,SUB29,SUB30,SUB31,SUB32,
SUB33,SUB34,SUB35,SUB36,SUB37,SUB38,SUB39,SUB40,
SUB41,SUB42,SUB43,SUB44,SUB45,SUB46,SUB47,SUB48,
SUB49,SUB50,SUB51,SUB52,SUB53,SUB54,SUB55,SUB56,
SUB57,SUB58,SUB59,SUB60,SUB61,SUB62,SUB63,SUB64,
SUB65,SUB66,SUB67,SUB68,SUB69,SUB70,SUB71,SUB72,
SUB73,SUB74,SUB75,SUB76,SUB77,SUB78,SUB79,SUB80,
SUB81,SUB82,SUB83,SUB84,SUB85,SUB86,SUB87,SUB88,
SUB89,SUB90,SUB91,SUB92,SUB93,SUB94,SUB95,SUB96,
SUB97,SUB98,SUB99,SUB100,SUB101,SUB102,SUB103,SUB104,
SUB105,SUB106,SUB107,SUB108,SUB109,SUB110,SUB111,SUB112,
SUB113,SUB114,SUB115,SUB116,SUB117,SUB118,SUB119,SUB120,
SUB121,SUB122,SUB123,SUB124,SUB125,SUB126,SUB127,SUB128,
